<application>
  <component name="libraryTable">
    <library name="400120767b" type="javaScript">
      <properties>
        <sourceFilesUrls>
          <item url="file://$APPLICATION_CONFIG_DIR$/javascript/extLibs/http_kit.fontawesome.com_400120767b.js" />
        </sourceFilesUrls>
      </properties>
      <CLASSES>
        <root url="file://$APPLICATION_CONFIG_DIR$/javascript/extLibs/http_kit.fontawesome.com_400120767b.js" />
      </CLASSES>
      <SOURCES />
    </library>
    <library name="@jaames" type="javaScript">
      <properties>
        <sourceFilesUrls>
          <item url="file://$APPLICATION_CONFIG_DIR$/javascript/extLibs/http_cdn.jsdelivr.net_npm_@jaames_iro@5" />
        </sourceFilesUrls>
      </properties>
      <CLASSES>
        <root url="file://$APPLICATION_CONFIG_DIR$/javascript/extLibs/http_cdn.jsdelivr.net_npm_@jaames_iro@5" />
      </CLASSES>
      <SOURCES />
    </library>
    <library name="bootstrap" type="javaScript">
      <properties>
        <sourceFilesUrls>
          <item url="file://$APPLICATION_CONFIG_DIR$/javascript/extLibs/http_cdn.jsdelivr.net_npm_bootstrap@5.0.0-beta1_dist_css_bootstrap.css" />
          <item url="file://$APPLICATION_CONFIG_DIR$/javascript/extLibs/http_cdn.jsdelivr.net_npm_bootstrap@5.0.0-beta1_dist_js_bootstrap.bundle.js" />
          <item url="file://$APPLICATION_CONFIG_DIR$/javascript/extLibs/http_stackpath.bootstrapcdn.com_bootstrap_4.5.0_css_bootstrap.css" />
          <item url="file://$APPLICATION_CONFIG_DIR$/javascript/extLibs/http_stackpath.bootstrapcdn.com_bootstrap_4.5.0_js_bootstrap.js" />
          <item url="file://$APPLICATION_CONFIG_DIR$/javascript/extLibs/http_stackpath.bootstrapcdn.com_bootstrap_4.5.2_css_bootstrap.css" />
          <item url="file://$APPLICATION_CONFIG_DIR$/javascript/extLibs/http_stackpath.bootstrapcdn.com_bootstrap_4.5.2_js_bootstrap.js" />
        </sourceFilesUrls>
      </properties>
      <CLASSES>
        <root url="file://$APPLICATION_CONFIG_DIR$/javascript/extLibs/http_cdn.jsdelivr.net_npm_bootstrap@5.0.0-beta1_dist_css_bootstrap.css" />
        <root url="file://$APPLICATION_CONFIG_DIR$/javascript/extLibs/http_cdn.jsdelivr.net_npm_bootstrap@5.0.0-beta1_dist_js_bootstrap.bundle.js" />
        <root url="file://$APPLICATION_CONFIG_DIR$/javascript/extLibs/http_stackpath.bootstrapcdn.com_bootstrap_4.5.0_css_bootstrap.css" />
        <root url="file://$APPLICATION_CONFIG_DIR$/javascript/extLibs/http_stackpath.bootstrapcdn.com_bootstrap_4.5.0_js_bootstrap.js" />
        <root url="file://$APPLICATION_CONFIG_DIR$/javascript/extLibs/http_stackpath.bootstrapcdn.com_bootstrap_4.5.2_css_bootstrap.css" />
        <root url="file://$APPLICATION_CONFIG_DIR$/javascript/extLibs/http_stackpath.bootstrapcdn.com_bootstrap_4.5.2_js_bootstrap.js" />
      </CLASSES>
      <SOURCES />
    </library>
    <library name="bootstrap-datepicker" type="javaScript">
      <properties>
        <sourceFilesUrls>
          <item url="file://$APPLICATION_CONFIG_DIR$/javascript/extLibs/http_cdnjs.cloudflare.com_ajax_libs_bootstrap-datepicker_1.9.0_css_bootstrap-datepicker.css" />
          <item url="file://$APPLICATION_CONFIG_DIR$/javascript/extLibs/http_cdnjs.cloudflare.com_ajax_libs_bootstrap-datepicker_1.9.0_js_bootstrap-datepicker.js" />
        </sourceFilesUrls>
      </properties>
      <CLASSES>
        <root url="file://$APPLICATION_CONFIG_DIR$/javascript/extLibs/http_cdnjs.cloudflare.com_ajax_libs_bootstrap-datepicker_1.9.0_css_bootstrap-datepicker.css" />
        <root url="file://$APPLICATION_CONFIG_DIR$/javascript/extLibs/http_cdnjs.cloudflare.com_ajax_libs_bootstrap-datepicker_1.9.0_js_bootstrap-datepicker.js" />
      </CLASSES>
      <SOURCES />
    </library>
    <library name="dataTables.bootstrap4" type="javaScript">
      <properties>
        <sourceFilesUrls>
          <item url="file://$APPLICATION_CONFIG_DIR$/javascript/extLibs/__cdn.datatables.net_1.10.21_css_dataTables.bootstrap4.css" />
          <item url="file://$APPLICATION_CONFIG_DIR$/javascript/extLibs/__cdn.datatables.net_1.10.21_js_dataTables.bootstrap4.js" />
        </sourceFilesUrls>
      </properties>
      <CLASSES>
        <root url="file://$APPLICATION_CONFIG_DIR$/javascript/extLibs/__cdn.datatables.net_1.10.21_css_dataTables.bootstrap4.css" />
        <root url="file://$APPLICATION_CONFIG_DIR$/javascript/extLibs/__cdn.datatables.net_1.10.21_js_dataTables.bootstrap4.js" />
      </CLASSES>
      <SOURCES />
    </library>
    <library name="ionicons" type="javaScript">
      <properties>
        <sourceFilesUrls>
          <item url="file://$APPLICATION_CONFIG_DIR$/javascript/extLibs/http_code.ionicframework.com_ionicons_2.0.1_css_ionicons.css" />
        </sourceFilesUrls>
      </properties>
      <CLASSES>
        <root url="file://$APPLICATION_CONFIG_DIR$/javascript/extLibs/http_code.ionicframework.com_ionicons_2.0.1_css_ionicons.css" />
      </CLASSES>
      <SOURCES />
    </library>
    <library name="jquery" type="javaScript">
      <properties>
        <option name="frameworkName" value="jQuery" />
        <sourceFilesUrls>
          <item url="file://$APPLICATION_CONFIG_DIR$/javascript/extLibs/http_cdnjs.cloudflare.com_ajax_libs_jquery_3.3.1_jquery.js" />
          <item url="file://$APPLICATION_CONFIG_DIR$/javascript/extLibs/http_cdnjs.cloudflare.com_ajax_libs_jquery_3.5.1_jquery.js" />
        </sourceFilesUrls>
      </properties>
      <CLASSES>
        <root url="file://$APPLICATION_CONFIG_DIR$/javascript/extLibs/http_cdnjs.cloudflare.com_ajax_libs_jquery_3.3.1_jquery.js" />
        <root url="file://$APPLICATION_CONFIG_DIR$/javascript/extLibs/http_cdnjs.cloudflare.com_ajax_libs_jquery_3.5.1_jquery.js" />
      </CLASSES>
      <DOCUMENTATION>
        <root url="http://api.jquery.com" />
      </DOCUMENTATION>
      <SOURCES />
    </library>
    <library name="jquery-2.1.1" type="javaScript">
      <properties>
        <option name="frameworkName" value="jQuery" />
        <option name="frameworkVersion" value="1.1." />
        <sourceFilesUrls>
          <item url="file://$APPLICATION_CONFIG_DIR$/javascript/extLibs/http_code.jquery.com_jquery-2.1.1.js" />
        </sourceFilesUrls>
      </properties>
      <CLASSES>
        <root url="file://$APPLICATION_CONFIG_DIR$/javascript/extLibs/http_code.jquery.com_jquery-2.1.1.js" />
      </CLASSES>
      <DOCUMENTATION>
        <root url="http://api.jquery.com" />
      </DOCUMENTATION>
      <SOURCES />
    </library>
    <library name="jquery-3.5.1.slim" type="javaScript">
      <properties>
        <option name="frameworkName" value="jQuery" />
        <sourceFilesUrls>
          <item url="file://$APPLICATION_CONFIG_DIR$/javascript/extLibs/http_code.jquery.com_jquery-3.5.1.slim.js" />
        </sourceFilesUrls>
      </properties>
      <CLASSES>
        <root url="file://$APPLICATION_CONFIG_DIR$/javascript/extLibs/http_code.jquery.com_jquery-3.5.1.slim.js" />
      </CLASSES>
      <DOCUMENTATION>
        <root url="http://api.jquery.com" />
      </DOCUMENTATION>
      <SOURCES />
    </library>
    <library name="jquery.dataTables" type="javaScript">
      <properties>
        <sourceFilesUrls>
          <item url="file://$APPLICATION_CONFIG_DIR$/javascript/extLibs/__cdn.datatables.net_1.10.21_css_jquery.dataTables.css" />
          <item url="file://$APPLICATION_CONFIG_DIR$/javascript/extLibs/__cdn.datatables.net_1.10.21_js_jquery.dataTables.js" />
          <item url="file://$APPLICATION_CONFIG_DIR$/javascript/extLibs/__cdn.datatables.net_1.10.23_css_jquery.dataTables.css" />
          <item url="file://$APPLICATION_CONFIG_DIR$/javascript/extLibs/__cdn.datatables.net_1.10.23_js_jquery.dataTables.js" />
        </sourceFilesUrls>
      </properties>
      <CLASSES>
        <root url="file://$APPLICATION_CONFIG_DIR$/javascript/extLibs/__cdn.datatables.net_1.10.21_css_jquery.dataTables.css" />
        <root url="file://$APPLICATION_CONFIG_DIR$/javascript/extLibs/__cdn.datatables.net_1.10.21_js_jquery.dataTables.js" />
        <root url="file://$APPLICATION_CONFIG_DIR$/javascript/extLibs/__cdn.datatables.net_1.10.23_css_jquery.dataTables.css" />
        <root url="file://$APPLICATION_CONFIG_DIR$/javascript/extLibs/__cdn.datatables.net_1.10.23_js_jquery.dataTables.js" />
      </CLASSES>
      <SOURCES />
    </library>
    <library name="leaflet" type="javaScript">
      <properties>
        <sourceFilesUrls>
          <item url="file://$APPLICATION_CONFIG_DIR$/javascript/extLibs/http_unpkg.com_leaflet@1.3.1_dist_leaflet.js" />
          <item url="file://$APPLICATION_CONFIG_DIR$/javascript/extLibs/http_unpkg.com_leaflet@1.6.0_dist_leaflet.css" />
        </sourceFilesUrls>
      </properties>
      <CLASSES>
        <root url="file://$APPLICATION_CONFIG_DIR$/javascript/extLibs/http_unpkg.com_leaflet@1.3.1_dist_leaflet.js" />
        <root url="file://$APPLICATION_CONFIG_DIR$/javascript/extLibs/http_unpkg.com_leaflet@1.6.0_dist_leaflet.css" />
      </CLASSES>
      <SOURCES />
    </library>
    <library name="leaflet.markercluster" type="javaScript">
      <properties>
        <sourceFilesUrls>
          <item url="file://$APPLICATION_CONFIG_DIR$/javascript/extLibs/http_unpkg.com_leaflet.markercluster@1.3.0_dist_leaflet.markercluster.js" />
        </sourceFilesUrls>
      </properties>
      <CLASSES>
        <root url="file://$APPLICATION_CONFIG_DIR$/javascript/extLibs/http_unpkg.com_leaflet.markercluster@1.3.0_dist_leaflet.markercluster.js" />
      </CLASSES>
      <SOURCES />
    </library>
    <library name="moment.js" type="javaScript">
      <properties>
        <sourceFilesUrls>
          <item url="file://$APPLICATION_CONFIG_DIR$/javascript/extLibs/http_cdnjs.cloudflare.com_ajax_libs_moment.js_2.22.2_moment.js" />
        </sourceFilesUrls>
      </properties>
      <CLASSES>
        <root url="file://$APPLICATION_CONFIG_DIR$/javascript/extLibs/http_cdnjs.cloudflare.com_ajax_libs_moment.js_2.22.2_moment.js" />
      </CLASSES>
      <SOURCES />
    </library>
    <library name="popper.js" type="javaScript">
      <properties>
        <sourceFilesUrls>
          <item url="file://$APPLICATION_CONFIG_DIR$/javascript/extLibs/http_cdn.jsdelivr.net_npm_popper.js@1.16.0_dist_umd_popper.js" />
          <item url="file://$APPLICATION_CONFIG_DIR$/javascript/extLibs/http_cdn.jsdelivr.net_npm_popper.js@1.16.1_dist_umd_popper.js" />
        </sourceFilesUrls>
      </properties>
      <CLASSES>
        <root url="file://$APPLICATION_CONFIG_DIR$/javascript/extLibs/http_cdn.jsdelivr.net_npm_popper.js@1.16.0_dist_umd_popper.js" />
        <root url="file://$APPLICATION_CONFIG_DIR$/javascript/extLibs/http_cdn.jsdelivr.net_npm_popper.js@1.16.1_dist_umd_popper.js" />
      </CLASSES>
      <SOURCES />
    </library>
    <library name="select2" type="javaScript">
      <properties>
        <sourceFilesUrls>
          <item url="file://$APPLICATION_CONFIG_DIR$/javascript/extLibs/http_cdn.jsdelivr.net_npm_select2@4.1.0-beta.1_dist_css_select2.css" />
        </sourceFilesUrls>
      </properties>
      <CLASSES>
        <root url="file://$APPLICATION_CONFIG_DIR$/javascript/extLibs/http_cdn.jsdelivr.net_npm_select2@4.1.0-beta.1_dist_css_select2.css" />
      </CLASSES>
      <SOURCES />
    </library>
    <library name="tempusdominus-bootstrap-4" type="javaScript">
      <properties>
        <sourceFilesUrls>
          <item url="file://$APPLICATION_CONFIG_DIR$/javascript/extLibs/http_cdnjs.cloudflare.com_ajax_libs_tempusdominus-bootstrap-4_5.0.1_js_tempusdominus-bootstrap-4.js" />
        </sourceFilesUrls>
      </properties>
      <CLASSES>
        <root url="file://$APPLICATION_CONFIG_DIR$/javascript/extLibs/http_cdnjs.cloudflare.com_ajax_libs_tempusdominus-bootstrap-4_5.0.1_js_tempusdominus-bootstrap-4.js" />
      </CLASSES>
      <SOURCES />
    </library>
    <library name="uikit" type="javaScript">
      <properties>
        <sourceFilesUrls>
          <item url="file://$APPLICATION_CONFIG_DIR$/javascript/extLibs/http_cdn.jsdelivr.net_npm_uikit@3.6.11_dist_css_uikit.css" />
          <item url="file://$APPLICATION_CONFIG_DIR$/javascript/extLibs/http_cdn.jsdelivr.net_npm_uikit@3.6.11_dist_js_uikit-icons.js" />
          <item url="file://$APPLICATION_CONFIG_DIR$/javascript/extLibs/http_cdn.jsdelivr.net_npm_uikit@3.6.11_dist_js_uikit.js" />
        </sourceFilesUrls>
      </properties>
      <CLASSES>
        <root url="file://$APPLICATION_CONFIG_DIR$/javascript/extLibs/http_cdn.jsdelivr.net_npm_uikit@3.6.11_dist_css_uikit.css" />
        <root url="file://$APPLICATION_CONFIG_DIR$/javascript/extLibs/http_cdn.jsdelivr.net_npm_uikit@3.6.11_dist_js_uikit-icons.js" />
        <root url="file://$APPLICATION_CONFIG_DIR$/javascript/extLibs/http_cdn.jsdelivr.net_npm_uikit@3.6.11_dist_js_uikit.js" />
      </CLASSES>
      <SOURCES />
    </library>
  </component>
</application>