<application>
  <component name="FileTypeManager" version="18">
    <extensionMap>
      <mapping pattern="phpunit" type="AUTO_DETECTED" />
      <mapping pattern="js/app" type="AUTO_DETECTED" />
      <mapping pattern=". env.local" type="PLAIN_TEXT" />
      <mapping pattern="Extensions\Doctrine" type="PLAIN_TEXT" />
      <mapping ext="lang" type="PLAIN_TEXT" />
      <mapping ext="lock" type="PLAIN_TEXT" />
      <mapping ext="me" type="PLAIN_TEXT" />
      <removed_mapping ext="ignore" approved="true" type="IgnoreLang file" />
      <removed_mapping ext="xlf" approved="true" type="XML" />
    </extensionMap>
  </component>
</application>