<application>
  <component name="PhpInterpreters">
    <interpreters>
      <interpreter id="bf46ef41-470f-4d17-9fdd-22b982b314de" name="PHP 7.2" home="C:\laragon\bin\php\php-7.4.12-Win32-vc15-x64\php.exe" debugger_id="php.debugger.XDebug" />
    </interpreters>
  </component>
  <component name="PhpInterpretersPhpInfoCache">
    <phpInfoCache>
      <interpreter name="PHP 7.2">
        <phpinfo binary_type="PHP" php_cgi="C:\laragon\bin\php\php-7.4.12-Win32-vc15-x64\php-cgi.exe" php_cli="C:\laragon\bin\php\php-7.4.12-Win32-vc15-x64\php.exe" path_separator=";" version="7.4.12">
          <additional_php_ini />
          <configuration_file>C:\laragon\bin\php\php-7.4.12-Win32-vc15-x64\php.ini</configuration_file>
          <configuration_options>
            <configuration_option name="include_path" value=".;C:/laragon/etc/php/pear" />
          </configuration_options>
          <debuggers />
          <loaded_extensions>
            <extension name="Core" />
            <extension name="PDO" />
            <extension name="Phar" />
            <extension name="Reflection" />
            <extension name="SPL" />
            <extension name="SimpleXML" />
            <extension name="bcmath" />
            <extension name="calendar" />
            <extension name="ctype" />
            <extension name="curl" />
            <extension name="date" />
            <extension name="dom" />
            <extension name="fileinfo" />
            <extension name="filter" />
            <extension name="gd" />
            <extension name="hash" />
            <extension name="iconv" />
            <extension name="intl" />
            <extension name="json" />
            <extension name="libxml" />
            <extension name="mbstring" />
            <extension name="mysqli" />
            <extension name="mysqlnd" />
            <extension name="openssl" />
            <extension name="pcre" />
            <extension name="pdo_mysql" />
            <extension name="readline" />
            <extension name="session" />
            <extension name="standard" />
            <extension name="tokenizer" />
            <extension name="xml" />
            <extension name="xmlreader" />
            <extension name="xmlwriter" />
            <extension name="xsl" />
            <extension name="zip" />
            <extension name="zlib" />
          </loaded_extensions>
        </phpinfo>
      </interpreter>
    </phpInfoCache>
  </component>
</application>